{
  "type": "minecraft:entity",
  "pools": [
    {
      "rolls": 1,
      "entries": [
        {
          "type": "item",
          "name": "minecraft:player_head",
          "weight": 1,
          "functions": [
            {
              "function": "set_nbt",
              "tag": "{SkullOwner:{Id:[I;1047621714,615532832,-1644674494,-748521845],Name:\"jeb_ Sheep\",Properties:{textures:[{Value:\"eyJ0ZXh0dXJlcyI6eyJTS0lOIjp7InVybCI6Imh0dHA6Ly90ZXh0dXJlcy5taW5lY3JhZnQubmV0L3RleHR1cmUvMjMzMzI2NzY1YTE5MGViZjkwZDU0ODZkNzFmMjBlMjU5N2U0YmVlMmEzOTFmZWNiYmQ4MGRlYmZlMWY4MmQ3OCJ9fX0=\"}]}}}"
            }
          ]
        }
      ],
      "conditions": [
        {
          "condition": "killed_by_player"
        },
        {
          "condition": "entity_properties",
          "predicate": {
            "nbt": "{CustomName:\"{\\\"text\\\":\\\"jeb_\\\"}\"}"
          },
          "entity": "this"
        },
        {
          "condition": "random_chance_with_looting",
          "chance": 0.005,
          "looting_multiplier": 0.001
        }
      ]
    }
  ]
}
