{
  "type": "minecraft:entity",
  "pools": [
    {
      "rolls": 1,
      "entries": [
        {
          "type": "minecraft:loot_table",
          "name": "vanilla:entities/allay"
        }
      ]
    },
    {
      "rolls": 1,
      "entries": [
        {
          "type": "item",
          "name": "minecraft:player_head",
          "weight": 1,
          "functions": [
            {
              "function": "set_nbt",
              "tag": "{SkullOwner:{Id:[I;-1451893487,1412123722,-1640093147,1259255479],Name:\"Allay\",Properties:{textures:[{Value:\"eyJ0ZXh0dXJlcyI6eyJTS0lOIjp7InVybCI6Imh0dHA6Ly90ZXh0dXJlcy5taW5lY3JhZnQubmV0L3RleHR1cmUvY2MwMzg5MTc3ZGJhYTkyZjBkNWZmZGY4NDg4NjJjN2Y5YjM2ZGYyMjJmYmZkNzM3ZTI2MzlkYzMwNTllMGNmMyJ9fX0=\"}]}}}"
            }
          ]
        }
      ],
      "conditions": [
        {
          "condition": "killed_by_player"
        },
        {
          "condition": "random_chance_with_looting",
          "chance": 0.005,
          "looting_multiplier": 0.001
        }
      ]
    }
  ]
}
