{
  "type": "minecraft:entity",
  "pools": [
    {
      "rolls": 1,
      "entries": [
        {
          "type": "minecraft:loot_table",
          "name": "vanilla:entities/drowned"
        }
      ]
    },
    {
      "rolls": 1,
      "entries": [
        {
          "type": "item",
          "name": "minecraft:player_head",
          "weight": 1,
          "functions": [
            {
              "function": "set_nbt",
              "tag": "{SkullOwner:{Id:[I;790009440,1639859901,-1397417282,-100772047],Name:\"Drowned\",Properties:{textures:[{Value:\"eyJ0ZXh0dXJlcyI6eyJTS0lOIjp7InVybCI6Imh0dHA6Ly90ZXh0dXJlcy5taW5lY3JhZnQubmV0L3RleHR1cmUvYzNmN2NjZjYxZGJjM2Y5ZmU5YTYzMzNjZGUwYzBlMTQzOTllYjJlZWE3MWQzNGNmMjIzYjNhY2UyMjA1MSJ9fX0=\"}]}}}"
            }
          ]
        }
      ],
      "conditions": [
        {
          "condition": "killed_by_player"
        },
        {
          "condition": "random_chance_with_looting",
          "chance": 0.005,
          "looting_multiplier": 0.001
        }
      ]
    }
  ]
}
