{
  "type": "minecraft:entity",
  "pools": [
    {
      "rolls": 1,
      "entries": [
        {
          "type": "minecraft:loot_table",
          "name": "vanilla:entities/frog"
        }
      ]
    },
    {
      "rolls": 1,
      "entries": [
        {
          "type": "minecraft:alternatives",
          "conditions": [
            {
              "condition": "killed_by_player"
            }
          ],
          "children": [
            {
              "type": "item",
              "name": "minecraft:player_head",
              "functions": [
                {
                  "function": "set_nbt",
                    "tag": "{SkullOwner:{Id:[I;1664994465,-1240773287,-1850665878,1247178442],Name:\"Cold Frog\",Properties:{textures:[{Value:\"eyJ0ZXh0dXJlcyI6eyJTS0lOIjp7InVybCI6Imh0dHA6Ly90ZXh0dXJlcy5taW5lY3JhZnQubmV0L3RleHR1cmUvNzY4Nzc4OTNlOTIwZmY1ZGZhNGI1ZmJkMTRkYWJlZTJlNjMwOGE2Zjk3YzNhMTliMDhlMjQxYTI5ZWI5YTVjMyJ9fX0=\"}]}}}"
                }
              ],
              "conditions": [
                {
                  "condition": "entity_properties",
                  "predicate": {
                    "nbt": "{variant:\"minecraft:cold\"}"
                  },
                  "entity": "this"
                },
                {
                  "condition": "random_chance_with_looting",
                  "chance": 0.005,
                  "looting_multiplier": 0.001
                }
              ]
            },
            {
              "type": "item",
              "name": "minecraft:player_head",
              "functions": [
                {
                  "function": "set_nbt",
                  "tag": "{SkullOwner:{Id:[I;768473393,-1501871060,-1500614792,590041761],Name:\"Temperate Frog\",Properties:{textures:[{Value:\"eyJ0ZXh0dXJlcyI6eyJTS0lOIjp7InVybCI6Imh0dHA6Ly90ZXh0dXJlcy5taW5lY3JhZnQubmV0L3RleHR1cmUvYTUwZDEwNzNkNDFmMTkzNDA1ZDk1YjFkOTQxZjlmZTFhN2ZmMDgwZTM4MTU1ZDdiYjc4MGJiYmQ4ZTg2ZjcwZCJ9fX0=\"}]}}}"
                }
              ],
              "conditions": [
                {
                  "condition": "entity_properties",
                  "predicate": {
                    "nbt": "{variant:\"minecraft:temperate\"}"
                  },
                  "entity": "this"
                },
                {
                  "condition": "random_chance_with_looting",
                  "chance": 0.005,
                  "looting_multiplier": 0.001
                }
              ]
            },
            {
              "type": "item",
              "name": "minecraft:player_head",
              "functions": [
                {
                  "function": "set_nbt",
                  "tag": "{SkullOwner:{Id:[I;-660076955,-96384899,-1845147499,-348866620],Name:\"Warm Frog\",Properties:{textures:[{Value:\"eyJ0ZXh0dXJlcyI6eyJTS0lOIjp7InVybCI6Imh0dHA6Ly90ZXh0dXJlcy5taW5lY3JhZnQubmV0L3RleHR1cmUvZDViMGRhNDM5NzViODNjMzMyMjc4OGRkYTMxNzUwNjMzMzg0M2FlYmU1NTEyNzg3Y2IyZTNkNzY5ZWQyYjM4MiJ9fX0=\"}]}}}"
                }
              ],
              "conditions": [
                {
                  "condition": "entity_properties",
                  "predicate": {
                    "nbt": "{variant:\"minecraft:warm\"}"
                  },
                  "entity": "this"
                },
                {
                  "condition": "random_chance_with_looting",
                  "chance": 0.005,
                  "looting_multiplier": 0.001
                }
              ]
            }
          ]
        }
      ]
    }
  ]
}
