{
  "type": "minecraft:entity",
  "pools": [
    {
      "rolls": 1,
      "entries": [
        {
          "type": "minecraft:loot_table",
          "name": "vanilla:entities/goat"
        }
      ]
    },
    {
      "rolls": 1,
      "entries": [
        {
          "type": "minecraft:alternatives",
          "conditions": [
            {
              "condition": "killed_by_player"
            }
          ],
          "children": [
            {
              "type": "item",
              "name": "minecraft:player_head",
              "functions": [
                {
                  "function": "set_nbt",
                    "tag": "{SkullOwner:{Id:[I;-511378304,1806060036,-1710884032,2059216206],Name:\"Goat\",Properties:{textures:[{Value:\"eyJ0ZXh0dXJlcyI6eyJTS0lOIjp7InVybCI6Imh0dHA6Ly90ZXh0dXJlcy5taW5lY3JhZnQubmV0L3RleHR1cmUvODc0NzNlMDU1ZGY2ZTdmZDk4NjY0ZTlmZGI2MzY3NWYwODgxMDYzMDVkNzQ0MDI0YTQxYmIzNTg5MThhMTQyYiJ9fX0=\"}]}}}"
                }
              ],
              "conditions": [
                {
                  "condition": "entity_properties",
                  "predicate": {
                    "nbt": "{IsScreamingGoat:0b}"
                  },
                  "entity": "this"
                },
                {
                  "condition": "random_chance_with_looting",
                  "chance": 0.005,
				  "looting_multiplier": 0.001
                }
              ]
            },
            {
              "type": "item",
              "name": "minecraft:player_head",
              "functions": [
                {
                  "function": "set_nbt",
                  "tag": "{SkullOwner:{Id:[I;-794148567,-1946073371,-1420453866,-1100303190],Name:\"Screaming Goat\",Properties:{textures:[{Value:\"eyJ0ZXh0dXJlcyI6eyJTS0lOIjp7InVybCI6Imh0dHA6Ly90ZXh0dXJlcy5taW5lY3JhZnQubmV0L3RleHR1cmUvYmRhNDg1YWMyMzUxMjQyMDg5MWE1YWUxZThkZTk4OWYwOTFkODQ4ZDE1YTkwNjhkYTQ3MjBkMzE2ZmM0MzMwZiJ9fX0=\"}]}}}"
                }
              ],
              "conditions": [
                {
                  "condition": "entity_properties",
                  "predicate": {
                    "nbt": "{IsScreamingGoat:1b}"
                  },
                  "entity": "this"
                },
                {
                  "condition": "random_chance_with_looting",
                  "chance": 1,
				  "looting_multiplier": 0
                }
              ]
            }
          ]
        }
      ]
    }
  ]
}
