{
  "type": "minecraft:entity",
  "pools": [
    {
      "rolls": 1,
      "entries": [
        {
          "type": "minecraft:loot_table",
          "name": "vanilla:entities/horse"
        }
      ]
    },
    {
      "rolls": 1,
      "entries": [
        {
          "type": "minecraft:alternatives",
          "conditions": [
            {
              "condition": "killed_by_player"
            },
            {
              "condition": "random_chance_with_looting",
              "chance": 0.005,
              "looting_multiplier": 0.001
            }
          ],
          "children": [
            {
              "type": "item",
              "name": "minecraft:player_head",
              "functions": [
                {
                  "function": "set_nbt",
                  "tag": "{SkullOwner:{Id:[I;1415911806,1601915664,-1523683596,1983642922],Name:\"White Horse\",Properties:{textures:[{Value:\"eyJ0ZXh0dXJlcyI6eyJTS0lOIjp7InVybCI6Imh0dHA6Ly90ZXh0dXJlcy5taW5lY3JhZnQubmV0L3RleHR1cmUvYzdiYzYxNjA5NzMwZjJjYjAxMDI2OGZhYjA4MjFiZDQ3MzUyNjk5NzUwYTE1MDU5OWYyMWMzZmM0ZTkyNTkxYSJ9fX0=\"}]}}}"
                }
              ],
              "conditions": [
                {
                  "condition": "alternative",
                  "terms": [
                    {
                      "condition": "entity_properties",
                      "predicate": {
                        "nbt": "{Variant:0}"
                      },
                      "entity": "this"
                    },
                    {
                      "condition": "entity_properties",
                      "predicate": {
                        "nbt": "{Variant:256}"
                      },
                      "entity": "this"
                    },
                    {
                      "condition": "entity_properties",
                      "predicate": {
                        "nbt": "{Variant:512}"
                      },
                      "entity": "this"
                    },
                    {
                      "condition": "entity_properties",
                      "predicate": {
                        "nbt": "{Variant:768}"
                      },
                      "entity": "this"
                    },
                    {
                      "condition": "entity_properties",
                      "predicate": {
                        "nbt": "{Variant:1024}"
                      },
                      "entity": "this"
                    }
                  ]
                }
              ]
            },
            {
              "type": "item",
              "name": "minecraft:player_head",
              "functions": [
                {
                  "function": "set_nbt",
                  "tag": "{SkullOwner:{Id:[I;-864913760,-788050528,-2055570796,-675897996],Name:\"Creamy Horse\",Properties:{textures:[{Value:\"eyJ0ZXh0dXJlcyI6eyJTS0lOIjp7InVybCI6Imh0dHA6Ly90ZXh0dXJlcy5taW5lY3JhZnQubmV0L3RleHR1cmUvNDJhMGQ1NGNjMDcxMjY3ZDZiZmQ1ZjUyM2Y4Yzg5ZGNmZGM1ZTgwNWZhYmJiNzYwMTBjYjNiZWZhNDY1YWE5NCJ9fX0=\"}]}}}"
                }
              ],
              "conditions": [
                {
                  "condition": "alternative",
                  "terms": [
                    {
                      "condition": "entity_properties",
                      "predicate": {
                        "nbt": "{Variant:1}"
                      },
                      "entity": "this"
                    },
                    {
                      "condition": "entity_properties",
                      "predicate": {
                        "nbt": "{Variant:257}"
                      },
                      "entity": "this"
                    },
                    {
                      "condition": "entity_properties",
                      "predicate": {
                        "nbt": "{Variant:513}"
                      },
                      "entity": "this"
                    },
                    {
                      "condition": "entity_properties",
                      "predicate": {
                        "nbt": "{Variant:769}"
                      },
                      "entity": "this"
                    },
                    {
                      "condition": "entity_properties",
                      "predicate": {
                        "nbt": "{Variant:1025}"
                      },
                      "entity": "this"
                    }
                  ]
                }
              ]
            },
            {
              "type": "item",
              "name": "minecraft:player_head",
              "functions": [
                {
                  "function": "set_nbt",
                  "tag": "{SkullOwner:{Id:[I;-1450249515,-1672984150,-2112709286,12187312],Name:\"Chestnut Horse\",Properties:{textures:[{Value:\"eyJ0ZXh0dXJlcyI6eyJTS0lOIjp7InVybCI6Imh0dHA6Ly90ZXh0dXJlcy5taW5lY3JhZnQubmV0L3RleHR1cmUvNmM4NzIwZDFmNTUyNjkzYjQwYTlhMzNhZmE0MWNlZjA2YWZkMTQyODMzYmVkOWZhNWI4ODdlODhmMDVmNDlmYSJ9fX0=\"}]}}}"
                }
              ],
              "conditions": [
                {
                  "condition": "alternative",
                  "terms": [
                    {
                      "condition": "entity_properties",
                      "predicate": {
                        "nbt": "{Variant:2}"
                      },
                      "entity": "this"
                    },
                    {
                      "condition": "entity_properties",
                      "predicate": {
                        "nbt": "{Variant:258}"
                      },
                      "entity": "this"
                    },
                    {
                      "condition": "entity_properties",
                      "predicate": {
                        "nbt": "{Variant:514}"
                      },
                      "entity": "this"
                    },
                    {
                      "condition": "entity_properties",
                      "predicate": {
                        "nbt": "{Variant:770}"
                      },
                      "entity": "this"
                    },
                    {
                      "condition": "entity_properties",
                      "predicate": {
                        "nbt": "{Variant:1026}"
                      },
                      "entity": "this"
                    }
                  ]
                }
              ]
            },
            {
              "type": "item",
              "name": "minecraft:player_head",
              "functions": [
                {
                  "function": "set_nbt",
                  "tag": "{SkullOwner:{Id:[I;1630202423,-156548059,-1269130179,1738609424],Name:\"Brown Horse\",Properties:{textures:[{Value:\"eyJ0ZXh0dXJlcyI6eyJTS0lOIjp7InVybCI6Imh0dHA6Ly90ZXh0dXJlcy5taW5lY3JhZnQubmV0L3RleHR1cmUvNjc3MTgwMDc3MGNiNGU4MTRhM2Q5MTE4NmZjZDc5NWVjODJlMDYxMDJmZjdjMWVlNGU1YzM4MDEwMmEwYzcwZiJ9fX0=\"}]}}}"
                }
              ],
              "conditions": [
                {
                  "condition": "alternative",
                  "terms": [
                    {
                      "condition": "entity_properties",
                      "predicate": {
                        "nbt": "{Variant:3}"
                      },
                      "entity": "this"
                    },
                    {
                      "condition": "entity_properties",
                      "predicate": {
                        "nbt": "{Variant:259}"
                      },
                      "entity": "this"
                    },
                    {
                      "condition": "entity_properties",
                      "predicate": {
                        "nbt": "{Variant:515}"
                      },
                      "entity": "this"
                    },
                    {
                      "condition": "entity_properties",
                      "predicate": {
                        "nbt": "{Variant:771}"
                      },
                      "entity": "this"
                    },
                    {
                      "condition": "entity_properties",
                      "predicate": {
                        "nbt": "{Variant:1027}"
                      },
                      "entity": "this"
                    }
                  ]
                }
              ]
            },
            {
              "type": "item",
              "name": "minecraft:player_head",
              "functions": [
                {
                  "function": "set_nbt",
                  "tag": "{SkullOwner:{Id:[I;-569369555,2138852300,-1350415842,1423131134],Name:\"Black Horse\",Properties:{textures:[{Value:\"eyJ0ZXh0dXJlcyI6eyJTS0lOIjp7InVybCI6Imh0dHA6Ly90ZXh0dXJlcy5taW5lY3JhZnQubmV0L3RleHR1cmUvNjcyM2ZhNWJlNmFjMjI5MmE3MjIzMGY1ZmQ3YWI2NjM0OTNiZDhmN2U2NDgxNjQyNGRjNWJmMjRmMTMzODkwYyJ9fX0=\"}]}}}"
                }
              ],
              "conditions": [
                {
                  "condition": "alternative",
                  "terms": [
                    {
                      "condition": "entity_properties",
                      "predicate": {
                        "nbt": "{Variant:4}"
                      },
                      "entity": "this"
                    },
                    {
                      "condition": "entity_properties",
                      "predicate": {
                        "nbt": "{Variant:260}"
                      },
                      "entity": "this"
                    },
                    {
                      "condition": "entity_properties",
                      "predicate": {
                        "nbt": "{Variant:516}"
                      },
                      "entity": "this"
                    },
                    {
                      "condition": "entity_properties",
                      "predicate": {
                        "nbt": "{Variant:772}"
                      },
                      "entity": "this"
                    },
                    {
                      "condition": "entity_properties",
                      "predicate": {
                        "nbt": "{Variant:1028}"
                      },
                      "entity": "this"
                    }
                  ]
                }
              ]
            },
            {
              "type": "item",
              "name": "minecraft:player_head",
              "functions": [
                {
                  "function": "set_nbt",
              "tag": "{SkullOwner:{Id:[I;1355895264,1144342879,-1602848783,871687874],Name:\"Gray Horse\",Properties:{textures:[{Value:\"eyJ0ZXh0dXJlcyI6eyJTS0lOIjp7InVybCI6Imh0dHA6Ly90ZXh0dXJlcy5taW5lY3JhZnQubmV0L3RleHR1cmUvYzI1OTg2MTAyMTgxMDgzZmIzMTdiYzU3MTJmNzEwNGRhYTVhM2U4ODkyNjRkZmViYjkxNTlmNmUwOGJhYzkwYyJ9fX0=\"}]}}}"
                }
              ],
              "conditions": [
                {
                  "condition": "alternative",
                  "terms": [
                    {
                      "condition": "entity_properties",
                      "predicate": {
                        "nbt": "{Variant:5}"
                      },
                      "entity": "this"
                    },
                    {
                      "condition": "entity_properties",
                      "predicate": {
                        "nbt": "{Variant:261}"
                      },
                      "entity": "this"
                    },
                    {
                      "condition": "entity_properties",
                      "predicate": {
                        "nbt": "{Variant:517}"
                      },
                      "entity": "this"
                    },
                    {
                      "condition": "entity_properties",
                      "predicate": {
                        "nbt": "{Variant:773}"
                      },
                      "entity": "this"
                    },
                    {
                      "condition": "entity_properties",
                      "predicate": {
                        "nbt": "{Variant:1029}"
                      },
                      "entity": "this"
                    }
                  ]
                }
              ]
            },
            {
              "type": "item",
              "name": "minecraft:player_head",
              "functions": [
                {
                  "function": "set_nbt",
                  "tag": "{SkullOwner:{Id:[I;-1914263079,-1038857263,-1437450910,-759957551],Name:\"Dark Brown Horse\",Properties:{textures:[{Value:\"eyJ0ZXh0dXJlcyI6eyJTS0lOIjp7InVybCI6Imh0dHA6Ly90ZXh0dXJlcy5taW5lY3JhZnQubmV0L3RleHR1cmUvN2YyMzQxYWFhMGM4MmMyMmJiYzIwNzA2M2UzMTkyOTEwOTdjNTM5YWRhZDlhYTkxM2ViODAwMWIxMWFhNTlkYSJ9fX0=\"}]}}}"
                }
              ],
              "conditions": [
                {
                  "condition": "alternative",
                  "terms": [
                    {
                      "condition": "entity_properties",
                      "predicate": {
                        "nbt": "{Variant:6}"
                      },
                      "entity": "this"
                    },
                    {
                      "condition": "entity_properties",
                      "predicate": {
                        "nbt": "{Variant:262}"
                      },
                      "entity": "this"
                    },
                    {
                      "condition": "entity_properties",
                      "predicate": {
                        "nbt": "{Variant:518}"
                      },
                      "entity": "this"
                    },
                    {
                      "condition": "entity_properties",
                      "predicate": {
                        "nbt": "{Variant:774}"
                      },
                      "entity": "this"
                    },
                    {
                      "condition": "entity_properties",
                      "predicate": {
                        "nbt": "{Variant:1030}"
                      },
                      "entity": "this"
                    }
                  ]
                }
              ]
            }
          ]
        }
      ]
    }
  ]
}
