{
  "type": "minecraft:entity",
  "pools": [
    {
      "rolls": 1,
      "entries": [
        {
          "type": "minecraft:loot_table",
          "name": "vanilla:entities/llama"
        }
      ]
    },
    {
      "rolls": 1,
      "entries": [
        {
          "type": "minecraft:alternatives",
          "conditions": [
            {
              "condition": "killed_by_player"
            },
            {
              "condition": "random_chance_with_looting",
              "chance": 0.005,
              "looting_multiplier": 0.001
            }
          ],
          "children": [
            {
              "type": "item",
              "name": "minecraft:player_head",
              "functions": [
                {
                  "function": "set_nbt",
                  "tag": "{SkullOwner:{Id:[I;-586532583,-384220532,-1835504180,1097854109],Name:\"Creamy Llama\",Properties:{textures:[{Value:\"eyJ0ZXh0dXJlcyI6eyJTS0lOIjp7InVybCI6Imh0dHA6Ly90ZXh0dXJlcy5taW5lY3JhZnQubmV0L3RleHR1cmUvNGQ2N2ZkNGJmZjI5MzI2OWNiOTA4OTc0ZGNhODNjMzM0ODVlNDM1ZWQ1YThlMWRiZDY1MjFjNjE2ODcxNDAifX19\"}]}}}"
                }
              ],
              "conditions": [
                {
                  "condition": "entity_properties",
                  "predicate": {
                    "nbt": "{Variant:0}"
                  },
                  "entity": "this"
                }
              ]
            },
            {
              "type": "item",
              "name": "minecraft:player_head",
              "functions": [
                {
                  "function": "set_nbt",
                  "tag": "{SkullOwner:{Id:[I;1624738111,-1238087496,-1922109313,-1588637419],Name:\"White Llama\",Properties:{textures:[{Value:\"eyJ0ZXh0dXJlcyI6eyJTS0lOIjp7InVybCI6Imh0dHA6Ly90ZXh0dXJlcy5taW5lY3JhZnQubmV0L3RleHR1cmUvODAyNzdlNmIzZDlmNzgxOWVmYzdkYTRiNDI3NDVmN2FiOWE2M2JhOGYzNmQ2Yjg0YTdhMjUwYzZkMWEzNThlYiJ9fX0=\"}]}}}"
                }
              ],
              "conditions": [
                {
                  "condition": "entity_properties",
                  "predicate": {
                    "nbt": "{Variant:1}"
                  },
                  "entity": "this"
                }
              ]
            },
            {
              "type": "item",
              "name": "minecraft:player_head",
              "functions": [
                {
                  "function": "set_nbt",
                  "tag": "{SkullOwner:{Id:[I;1979386085,605636346,-1089906890,557380148],Name:\"Brown Llama\",Properties:{textures:[{Value:\"eyJ0ZXh0dXJlcyI6eyJTS0lOIjp7InVybCI6Imh0dHA6Ly90ZXh0dXJlcy5taW5lY3JhZnQubmV0L3RleHR1cmUvYzJiMWVjZmY3N2ZmZTNiNTAzYzMwYTU0OGViMjNhMWEwOGZhMjZmZDY3Y2RmZjM4OTg1NWQ3NDkyMTM2OCJ9fX0=\"}]}}}"
                }
              ],
              "conditions": [
                {
                  "condition": "entity_properties",
                  "predicate": {
                    "nbt": "{Variant:2}"
                  },
                  "entity": "this"
                }
              ]
            },
            {
              "type": "item",
              "name": "minecraft:player_head",
              "functions": [
                {
                  "function": "set_nbt",
                  "tag": "{SkullOwner:{Id:[I;-305497587,1997489110,-1879247200,244638839],Name:\"Gray Llama\",Properties:{textures:[{Value:\"eyJ0ZXh0dXJlcyI6eyJTS0lOIjp7InVybCI6Imh0dHA6Ly90ZXh0dXJlcy5taW5lY3JhZnQubmV0L3RleHR1cmUvY2YyNGU1NmZkOWZmZDcxMzNkYTZkMWYzZTJmNDU1OTUyYjFkYTQ2MjY4NmY3NTNjNTk3ZWU4MjI5OWEifX19\"}]}}}"
                }
              ],
              "conditions": [
                {
                  "condition": "entity_properties",
                  "predicate": {
                    "nbt": "{Variant:3}"
                  },
                  "entity": "this"
                }
              ]
            }
          ]
        }
      ]
    }
  ]
}
