{
  "type": "minecraft:entity",
  "pools": [
    {
      "rolls": 1,
      "entries": [
        {
          "type": "minecraft:loot_table",
          "name": "vanilla:entities/piglin_brute"
        }
      ]
    },
    {
      "rolls": 1,
      "entries": [
        {
          "type": "item",
          "name": "minecraft:player_head",
          "weight": 1,
          "functions": [
            {
              "function": "set_nbt",
              "tag": "{SkullOwner:{Id:[I;-1179055889,425870002,-1373572226,1177565319],Name:\"Piglin Brute\",Properties:{textures:[{Value:\"eyJ0ZXh0dXJlcyI6eyJTS0lOIjp7InVybCI6Imh0dHA6Ly90ZXh0dXJlcy5taW5lY3JhZnQubmV0L3RleHR1cmUvNjQ4ODc5OWM4M2VjYjI5NDUyY2ViYTg5YzNjMDA5OTIxOTI3NGNlNWIyYmZiOGFkMGIzZWE0YzY1ZmFjNDYzMCJ9fX0=\"}]}}}"
            }
          ]
        }
      ],
      "conditions": [
        {
          "condition": "killed_by_player"
        },
        {
          "condition": "random_chance_with_looting",
          "chance": 0.005,
          "looting_multiplier": 0.001
        }
      ]
    }
  ]
}
