{
  "type": "minecraft:entity",
  "pools": [
    {
      "rolls": 1,
      "entries": [
        {
          "type": "minecraft:loot_table",
          "name": "vanilla:entities/trader_llama"
        }
      ]
    },
    {
      "rolls": 1,
      "entries": [
        {
          "type": "minecraft:alternatives",
          "conditions": [
            {
              "condition": "killed_by_player"
            },
            {
              "condition": "random_chance_with_looting",
              "chance": 0.005,
              "looting_multiplier": 0.01
            }
          ],
          "children": [
            {
              "type": "item",
              "name": "minecraft:player_head",
              "functions": [
                {
                  "function": "set_nbt",
                  "tag": "{SkullOwner:{Id:[I;-1193140515,-1034205581,-1778227599,8343688],Name:\"Creamy Trader Llama\",Properties:{textures:[{Value:\"eyJ0ZXh0dXJlcyI6eyJTS0lOIjp7InVybCI6Imh0dHA6Ly90ZXh0dXJlcy5taW5lY3JhZnQubmV0L3RleHR1cmUvZTg5YTJlYjE3NzA1ZmU3MTU0YWIwNDFlNWM3NmEwOGQ0MTU0NmEzMWJhMjBlYTMwNjBlM2VjOGVkYzEwNDEyYyJ9fX0=\"}]}}}"
                }
              ],
              "conditions": [
                {
                  "condition": "entity_properties",
                  "predicate": {
                    "nbt": "{Variant:0}"
                  },
                  "entity": "this"
                }
              ]
            },
            {
              "type": "item",
              "name": "minecraft:player_head",
              "functions": [
                {
                  "function": "set_nbt",
                  "tag": "{SkullOwner:{Id:[I;1205590709,274678460,-1786722788,-292408845],Name:\"White Trader Llama\",Properties:{textures:[{Value:\"eyJ0ZXh0dXJlcyI6eyJTS0lOIjp7InVybCI6Imh0dHA6Ly90ZXh0dXJlcy5taW5lY3JhZnQubmV0L3RleHR1cmUvNzA4N2E1NTZkNGZmYTk1ZWNkMjg0NGYzNTBkYzQzZTI1NGU1ZDUzNWZhNTk2ZjU0MGQ3ZTc3ZmE2N2RmNDY5NiJ9fX0=\"}]}}}"
                }
              ],
              "conditions": [
                {
                  "condition": "entity_properties",
                  "predicate": {
                    "nbt": "{Variant:1}"
                  },
                  "entity": "this"
                }
              ]
            },
            {
              "type": "item",
              "name": "minecraft:player_head",
              "functions": [
                {
                  "function": "set_nbt",
                  "tag": "{SkullOwner:{Id:[I;-1453867496,843729284,-1474562730,-1483495862],Name:\"Brown Trader Llama\",Properties:{textures:[{Value:\"eyJ0ZXh0dXJlcyI6eyJTS0lOIjp7InVybCI6Imh0dHA6Ly90ZXh0dXJlcy5taW5lY3JhZnQubmV0L3RleHR1cmUvODQyNDc4MGIzYzVjNTM1MWNmNDlmYjViZjQxZmNiMjg5NDkxZGY2YzQzMDY4M2M4NGQ3ODQ2MTg4ZGI0Zjg0ZCJ9fX0=\"}]}}}"
                }
              ],
              "conditions": [
                {
                  "condition": "entity_properties",
                  "predicate": {
                    "nbt": "{Variant:2}"
                  },
                  "entity": "this"
                }
              ]
            },
            {
              "type": "item",
              "name": "minecraft:player_head",
              "functions": [
                {
                  "function": "set_nbt",
                  "tag": "{SkullOwner:{Id:[I;884980779,1817790431,-1930005417,-1391126950],Name:\"Gray Trader Llama\",Properties:{textures:[{Value:\"eyJ0ZXh0dXJlcyI6eyJTS0lOIjp7InVybCI6Imh0dHA6Ly90ZXh0dXJlcy5taW5lY3JhZnQubmV0L3RleHR1cmUvYmU0ZDhhMGJjMTVmMjM5OTIxZWZkOGJlMzQ4MGJhNzdhOThlZTdkOWNlMDA3MjhjMGQ3MzNmMGEyZDYxNGQxNiJ9fX0=\"}]}}}"
                }
              ],
              "conditions": [
                {
                  "condition": "entity_properties",
                  "predicate": {
                    "nbt": "{Variant:3}"
                  },
                  "entity": "this"
                }
              ]
            }
          ]
        }
      ]
    }
  ]
}
