{
  "type": "minecraft:entity",
  "pools": [
    {
      "rolls": 1,
      "entries": [
        {
          "type": "minecraft:loot_table",
          "name": "vanilla:entities/villager"
        }
      ]
    },
    {
      "rolls": 1,
      "entries": [
        {
          "type": "minecraft:alternatives",
          "conditions": [
            {
              "condition": "killed_by_player"
            },
            {
              "condition": "random_chance_with_looting",
              "chance": 0.005,
              "looting_multiplier": 0.001
            }
          ],
          "children": [
            {
              "type": "item",
              "name": "minecraft:player_head",
              "functions": [
                {
                  "function": "set_nbt",
                  "tag": "{SkullOwner:{Id:[I;-1627151347,-1285404754,-1966464448,95988217],Name:\"Armorer Villager\",Properties:{textures:[{Value:\"eyJ0ZXh0dXJlcyI6eyJTS0lOIjp7InVybCI6Imh0dHA6Ly90ZXh0dXJlcy5taW5lY3JhZnQubmV0L3RleHR1cmUvMWVmNjI3ZjU2NmFjMGE3ODI4YmFkOTNlOWU0Yjk2NDNkOTlhOTI4YTEzZDVmOTc3YmY0NDFlNDBkYjEzMzZiZiJ9fX0=\"}]}}}"
                }
              ],
              "conditions": [
                {
                  "condition": "entity_properties",
                  "predicate": {
                    "nbt": "{VillagerData:{profession:\"minecraft:armorer\"}}"
                  },
                  "entity": "this"
                }
              ]
            },
            {
              "type": "item",
              "name": "minecraft:player_head",
              "functions": [
                {
                  "function": "set_nbt",
                  "tag": "{SkullOwner:{Id:[I;-1958848492,-1136704916,-1204946794,981552340],Name:\"Butcher Villager\",Properties:{textures:[{Value:\"eyJ0ZXh0dXJlcyI6eyJTS0lOIjp7InVybCI6Imh0dHA6Ly90ZXh0dXJlcy5taW5lY3JhZnQubmV0L3RleHR1cmUvYTFiYWQ2NDE4NWUwNGJmMWRhZmUzZGE4NDkzM2QwMjU0NWVhNGE2MzIyMWExMGQwZjA3NzU5MTc5MTEyYmRjMiJ9fX0=\"}]}}}"
                }
              ],
              "conditions": [
                {
                  "condition": "entity_properties",
                  "predicate": {
                    "nbt": "{VillagerData:{profession:\"minecraft:butcher\"}}"
                  },
                  "entity": "this"
                }
              ]
            },
            {
              "type": "item",
              "name": "minecraft:player_head",
              "functions": [
                {
                  "function": "set_nbt",
                  "tag": "{SkullOwner:{Id:[I;-1530336204,127485113,-1129389748,648352210],Name:\"Cartographer Villager\",Properties:{textures:[{Value:\"eyJ0ZXh0dXJlcyI6eyJTS0lOIjp7InVybCI6Imh0dHA6Ly90ZXh0dXJlcy5taW5lY3JhZnQubmV0L3RleHR1cmUvZTNhZWNmYmU4MDFjZjMyYjVkMWIwYjFmNjY4MDA0OTY2NjE1ODY3OGM1M2Y0YTY1MWZjODNlMGRmOWQzNzM4YiJ9fX0=\"}]}}}"
                }
              ],
              "conditions": [
                {
                  "condition": "entity_properties",
                  "predicate": {
                    "nbt": "{VillagerData:{profession:\"minecraft:cartographer\"}}"
                  },
                  "entity": "this"
                }
              ]
            },
            {
              "type": "item",
              "name": "minecraft:player_head",
              "functions": [
                {
                  "function": "set_nbt",
                  "tag": "{SkullOwner:{Id:[I;-1449678884,1755333049,-1266768369,1645723165],Name:\"Cleric Villager\",Properties:{textures:[{Value:\"eyJ0ZXh0dXJlcyI6eyJTS0lOIjp7InVybCI6Imh0dHA6Ly90ZXh0dXJlcy5taW5lY3JhZnQubmV0L3RleHR1cmUvNWI5ZTU4MmUyZjliODlkNTU2ZTc5YzQ2OTdmNzA2YjFkZDQ5MjllY2FlM2MwN2VlOTBiZjFkNWJlMzE5YmY2ZiJ9fX0=\"}]}}}"
                }
              ],
              "conditions": [
                {
                  "condition": "entity_properties",
                  "predicate": {
                    "nbt": "{VillagerData:{profession:\"minecraft:cleric\"}}"
                  },
                  "entity": "this"
                }
              ]
            },
            {
              "type": "item",
              "name": "minecraft:player_head",
              "functions": [
                {
                  "function": "set_nbt",
                  "tag": "{SkullOwner:{Id:[I;-1942451583,-1297792036,-1269674622,558190098],Name:\"Farmer Villager\",Properties:{textures:[{Value:\"eyJ0ZXh0dXJlcyI6eyJTS0lOIjp7InVybCI6Imh0dHA6Ly90ZXh0dXJlcy5taW5lY3JhZnQubmV0L3RleHR1cmUvZDkyNzJkMDNjZGE2MjkwZTRkOTI1YTdlODUwYTc0NWU3MTFmZTU3NjBmNmYwNmY5M2Q5MmI4ZjhjNzM5ZGIwNyJ9fX0=\"}]}}}"
                }
              ],
              "conditions": [
                {
                  "condition": "entity_properties",
                  "predicate": {
                    "nbt": "{VillagerData:{profession:\"minecraft:farmer\"}}"
                  },
                  "entity": "this"
                }
              ]
            },
            {
              "type": "item",
              "name": "minecraft:player_head",
              "functions": [
                {
                  "function": "set_nbt",
                  "tag": "{SkullOwner:{Id:[I;-1558427898,-80395654,-1539972253,-1897275374],Name:\"Fisherman Villager\",Properties:{textures:[{Value:\"eyJ0ZXh0dXJlcyI6eyJTS0lOIjp7InVybCI6Imh0dHA6Ly90ZXh0dXJlcy5taW5lY3JhZnQubmV0L3RleHR1cmUvZDE4OWZiNGFjZDE1ZDczZmYyYTU4YTg4ZGYwNDY2YWQ5ZjRjMTU0YTIwMDhlNWM2MjY1ZDVjMmYwN2QzOTM3NiJ9fX0=\"}]}}}"
                }
              ],
              "conditions": [
                {
                  "condition": "entity_properties",
                  "predicate": {
                    "nbt": "{VillagerData:{profession:\"minecraft:fisherman\"}}"
                  },
                  "entity": "this"
                }
              ]
            },
            {
              "type": "item",
              "name": "minecraft:player_head",
              "functions": [
                {
                  "function": "set_nbt",
                  "tag": "{SkullOwner:{Id:[I;1972188752,1038437151,-1255133373,-1723054561],Name:\"Fletcher Villager\",Properties:{textures:[{Value:\"eyJ0ZXh0dXJlcyI6eyJTS0lOIjp7InVybCI6Imh0dHA6Ly90ZXh0dXJlcy5taW5lY3JhZnQubmV0L3RleHR1cmUvYmY2MTFmMTJlMThjZTQ0YTU3MjM4ZWVmMWNhZTAzY2Q5ZjczMGE3YTQ1ZTBlYzI0OGYxNGNlODRlOWM0ODA1NiJ9fX0=\"}]}}}"
                }
              ],
              "conditions": [
                {
                  "condition": "entity_properties",
                  "predicate": {
                    "nbt": "{VillagerData:{profession:\"minecraft:fletcher\"}}"
                  },
                  "entity": "this"
                }
              ]
            },
            {
              "type": "item",
              "name": "minecraft:player_head",
              "functions": [
                {
                  "function": "set_nbt",
                  "tag": "{SkullOwner:{Id:[I;1445316252,2041728101,-1840993025,-322242010],Name:\"Leatherworker Villager\",Properties:{textures:[{Value:\"eyJ0ZXh0dXJlcyI6eyJTS0lOIjp7InVybCI6Imh0dHA6Ly90ZXh0dXJlcy5taW5lY3JhZnQubmV0L3RleHR1cmUvYWUwZTk1OTFlMTFhYWVmNGMyYzUxZDlhYzY5NTE0ZTM0MDQ4NWRlZmNjMmMxMmMzOGNkMTIzODZjMmVjNmI3OCJ9fX0=\"}]}}}"
                }
              ],
              "conditions": [
                {
                  "condition": "entity_properties",
                  "predicate": {
                    "nbt": "{VillagerData:{profession:\"minecraft:leatherworker\"}}"
                  },
                  "entity": "this"
                }
              ]
            },
            {
              "type": "item",
              "name": "minecraft:player_head",
              "functions": [
                {
                  "function": "set_nbt",
                  "tag": "{SkullOwner:{Id:[I;2047317031,960709978,-1246891731,-1197134412],Name:\"Librarian Villager\",Properties:{textures:[{Value:\"eyJ0ZXh0dXJlcyI6eyJTS0lOIjp7InVybCI6Imh0dHA6Ly90ZXh0dXJlcy5taW5lY3JhZnQubmV0L3RleHR1cmUvY2RjYWE1NzRiYWJiNDBlZTBmYTgzZjJmZDVlYTIwY2ZmMzFmZmEyNzJmZTExMzU4OGNlZWU0Njk2ODIxMjhlNyJ9fX0=\"}]}}}"
                }
              ],
              "conditions": [
                {
                  "condition": "entity_properties",
                  "predicate": {
                    "nbt": "{VillagerData:{profession:\"minecraft:librarian\"}}"
                  },
                  "entity": "this"
                }
              ]
            },
            {
              "type": "item",
              "name": "minecraft:player_head",
              "functions": [
                {
                  "function": "set_nbt",
                  "tag": "{SkullOwner:{Id:[I;1445316252,2041728101,-1840993025,-322242010],Name:\"Mason Villager\",Properties:{textures:[{Value:\"eyJ0ZXh0dXJlcyI6eyJTS0lOIjp7InVybCI6Imh0dHA6Ly90ZXh0dXJlcy5taW5lY3JhZnQubmV0L3RleHR1cmUvYWUwZTk1OTFlMTFhYWVmNGMyYzUxZDlhYzY5NTE0ZTM0MDQ4NWRlZmNjMmMxMmMzOGNkMTIzODZjMmVjNmI3OCJ9fX0=\"}]}}}"
                }
              ],
              "conditions": [
                {
                  "condition": "entity_properties",
                  "predicate": {
                    "nbt": "{VillagerData:{profession:\"minecraft:mason\"}}"
                  },
                  "entity": "this"
                }
              ]
            },
            {
              "type": "item",
              "name": "minecraft:player_head",
              "functions": [
                {
                  "function": "set_nbt",
                  "tag": "{SkullOwner:{Id:[I;1445316252,2041728101,-1840993025,-322242010],Name:\"Nitwit Villager\",Properties:{textures:[{Value:\"eyJ0ZXh0dXJlcyI6eyJTS0lOIjp7InVybCI6Imh0dHA6Ly90ZXh0dXJlcy5taW5lY3JhZnQubmV0L3RleHR1cmUvYWUwZTk1OTFlMTFhYWVmNGMyYzUxZDlhYzY5NTE0ZTM0MDQ4NWRlZmNjMmMxMmMzOGNkMTIzODZjMmVjNmI3OCJ9fX0=\"}]}}}"
                }
              ],
              "conditions": [
                {
                  "condition": "entity_properties",
                  "predicate": {
                    "nbt": "{VillagerData:{profession:\"minecraft:nitwit\"}}"
                  },
                  "entity": "this"
                }
              ]
            },
            {
              "type": "item",
              "name": "minecraft:player_head",
              "functions": [
                {
                  "function": "set_nbt",
                  "tag": "{SkullOwner:{Id:[I;1445316252,2041728101,-1840993025,-322242010],Name:\"Unemployed Villager\",Properties:{textures:[{Value:\"eyJ0ZXh0dXJlcyI6eyJTS0lOIjp7InVybCI6Imh0dHA6Ly90ZXh0dXJlcy5taW5lY3JhZnQubmV0L3RleHR1cmUvYWUwZTk1OTFlMTFhYWVmNGMyYzUxZDlhYzY5NTE0ZTM0MDQ4NWRlZmNjMmMxMmMzOGNkMTIzODZjMmVjNmI3OCJ9fX0=\"}]}}}"
                }
              ],
              "conditions": [
                {
                  "condition": "entity_properties",
                  "predicate": {
                    "nbt": "{VillagerData:{profession:\"minecraft:none\"}}"
                  },
                  "entity": "this"
                }
              ]
            },
            {
              "type": "item",
              "name": "minecraft:player_head",
              "functions": [
                {
                  "function": "set_nbt",
                  "tag": "{SkullOwner:{Id:[I;-1872621004,-1520941095,-1386917366,898929216],Name:\"Shepherd Villager\",Properties:{textures:[{Value:\"eyJ0ZXh0dXJlcyI6eyJTS0lOIjp7InVybCI6Imh0dHA6Ly90ZXh0dXJlcy5taW5lY3JhZnQubmV0L3RleHR1cmUvMmFiZjRlOTE1NGFjOTI3MTk0MWM3MzNlYWNjNjJkYzlmYzBhNmRjMWI1ZDY3Yzc4Y2E5OGFmYjVjYjFiZTliMiJ9fX0=\"}]}}}"
                }
              ],
              "conditions": [
                {
                  "condition": "entity_properties",
                  "predicate": {
                    "nbt": "{VillagerData:{profession:\"minecraft:shepherd\"}}"
                  },
                  "entity": "this"
                }
              ]
            },
            {
              "type": "item",
              "name": "minecraft:player_head",
              "functions": [
                {
                  "function": "set_nbt",
                  "tag": "{SkullOwner:{Id:[I;1445316252,2041728101,-1840993025,-322242010],Name:\"Toolsmith Villager\",Properties:{textures:[{Value:\"eyJ0ZXh0dXJlcyI6eyJTS0lOIjp7InVybCI6Imh0dHA6Ly90ZXh0dXJlcy5taW5lY3JhZnQubmV0L3RleHR1cmUvYWUwZTk1OTFlMTFhYWVmNGMyYzUxZDlhYzY5NTE0ZTM0MDQ4NWRlZmNjMmMxMmMzOGNkMTIzODZjMmVjNmI3OCJ9fX0=\"}]}}}"
                }
              ],
              "conditions": [
                {
                  "condition": "entity_properties",
                  "predicate": {
                    "nbt": "{VillagerData:{profession:\"minecraft:toolsmith\"}}"
                  },
                  "entity": "this"
                }
              ]
            },
            {
              "type": "item",
              "name": "minecraft:player_head",
              "functions": [
                {
                  "function": "set_nbt",
                  "tag": "{SkullOwner:{Id:[I;-1988786943,-471251346,-2084795059,-456600256],Name:\"Weaponsmith Villager\",Properties:{textures:[{Value:\"eyJ0ZXh0dXJlcyI6eyJTS0lOIjp7InVybCI6Imh0dHA6Ly90ZXh0dXJlcy5taW5lY3JhZnQubmV0L3RleHR1cmUvODQ3NmZmYTQxMGJiZTdmYTcwOTA5OTY1YTEyNWY0YTRlOWE0ZmIxY2UxYjhiM2MzNGJmYjczYWFmZmQ0Y2U0MyJ9fX0=\"}]}}}"
                }
              ],
              "conditions": [
                {
                  "condition": "entity_properties",
                  "predicate": {
                    "nbt": "{VillagerData:{profession:\"minecraft:weaponsmith\"}}"
                  },
                  "entity": "this"
                }
              ]
            }
          ]
        }
      ]
    }
  ]
}
