{
  "type": "minecraft:entity",
  "pools": [
    {
      "rolls": 1,
      "entries": [
        {
          "type": "minecraft:loot_table",
          "name": "vanilla:entities/wither"
        }
      ]
    },
    {
      "conditions": [
        {
          "condition": "killed_by_player"
        },
        {
          "condition": "random_chance_with_looting",
          "chance": 0.005,
          "looting_multiplier": 0.015
        }
      ],
      "rolls": 1,
      "entries": [
        {
          "type": "item",
          "name": "minecraft:player_head",
          "weight": 3,
          "functions": [
            {
              "function": "set_nbt",
              "tag": "{SkullOwner:{Id:[I;-2046605516,-121224030,-1660948409,-623704172],Name:\"Wither\",Properties:{textures:[{Value:\"eyJ0ZXh0dXJlcyI6eyJTS0lOIjp7InVybCI6Imh0dHA6Ly90ZXh0dXJlcy5taW5lY3JhZnQubmV0L3RleHR1cmUvZWRhMTA4MjhmNjNiN2VjZGVmZDc2N2IzMjQ1ZmJkYWExM2MzZWMwYzZiMTM3NzRmMWVlOGQzMDdjMDM0YzM4MyJ9fX0=\"}]}}}"
            }
          ]
        },
        {
          "type": "item",
          "name": "minecraft:player_head",
          "weight": 3,
          "functions": [
            {
              "function": "set_nbt",
              "tag": "{SkullOwner:{Id:[I;1073178927,-164019535,-1630069535,-231954722],Name:\"Invulnerable Wither\",Properties:{textures:[{Value:\"eyJ0ZXh0dXJlcyI6eyJTS0lOIjp7InVybCI6Imh0dHA6Ly90ZXh0dXJlcy5taW5lY3JhZnQubmV0L3RleHR1cmUvMzE5NmViOGQ1OTljNGZlZjUzYTk3MTc2YjcyZmY4ZmM0MWUzMmE2NmExNTlmZDQ1MTkwYTBkYTE1NDU4N2UxMiJ9fX0=\"}]}}}"
            }
          ]
        },
        {
          "type": "item",
          "name": "minecraft:player_head",
          "weight": 2,
          "functions": [
            {
              "function": "set_nbt",
              "tag": "{SkullOwner:{Id:[I;178681563,-997636041,-1221372488,-1760242442],Name:\"Armored Wither\",Properties:{textures:[{Value:\"eyJ0ZXh0dXJlcyI6eyJTS0lOIjp7InVybCI6Imh0dHA6Ly90ZXh0dXJlcy5taW5lY3JhZnQubmV0L3RleHR1cmUvYjM3YzU4MTRhOTJmOGVjMGY2YWU5OTMzYWJlOTU0MmUxNjUxOTA3NjhlNzYwNDc4NTQzYWViZWVkNDAyN2MyNyJ9fX0=\"}]}}}"
            }
          ]
        },
        {
          "type": "item",
          "name": "minecraft:player_head",
          "weight": 2,
          "functions": [
            {
              "function": "set_nbt",
              "tag": "{SkullOwner:{Id:[I;-1907584814,-692829797,-1460246851,-1397511329],Name:\"Armored Invulnerable Wither\",Properties:{textures:[{Value:\"eyJ0ZXh0dXJlcyI6eyJTS0lOIjp7InVybCI6Imh0dHA6Ly90ZXh0dXJlcy5taW5lY3JhZnQubmV0L3RleHR1cmUvZDM2ODJiMDYyMDNiOWRlNGMyODU0MTA3MWEyNmNkYzM0MGRkMjVkNGMzNzJiNzAyM2VjMmY0MTIwMjFkNjJmNyJ9fX0=\"}]}}}"
            }
          ]
        }
      ]
    }
  ]
}
